Customer_ID,Customer_Name,Gender,Age,City,State,Region
C0001,Anjali Mehta,Female,55,Udaipur,Rajasthan,North
C0002,Rohit Nair,Male,42,Chennai,Tamil Nadu,South
C0003,Aarav Nair,Male,19,Patna,Bihar,East
C0004,Rahul More,Female,56,Amritsar,Punjab,North
C0005,Ananya Pawar,Male,24,Hyderabad,Telangana,South
C0006,Anjali Gupta,Female,32,Udaipur,Rajasthan,North
C0007,Tanvi Sharma,Female,47,Rourkela,Odisha,East
C0008,Sneha Joshi,Male,55,Mangaluru,Karnataka,South
C0009,Aarav Deshmukh,Male,50,Jaipur,Rajasthan,North
C0010,Akash Patil,Female,22,Gaya,Bihar,East
C0011,Aryan Sharma,Female,55,Patna,Bihar,East
C0012,Kavya Joshi,Male,41,Ludhiana,Punjab,North
C0013,Sakshi Nair,Male,25,Warangal,Telangana,South
C0014,Tanvi Nair,Female,29,Chennai,Tamil Nadu,South
C0015,Aditi Chavan,Male,53,Ludhiana,Punjab,North
C0016,Deepak Deshmukh,Female,28,Amritsar,Punjab,North
C0017,Aryan More,Female,23,Mysuru,Karnataka,South
C0018,Rohit Nair,Female,63,Delhi,Delhi,North
C0019,Divya Khan,Female,35,Hyderabad,Telangana,South
C0020,Aarav Nair,Female,60,Ahmedabad,Gujarat,West
C0021,Sakshi Deshmukh,Female,59,Ludhiana,Punjab,North
C0022,Suresh Shinde,Female,46,New Delhi,Delhi,North
C0023,Anjali Shinde,Female,28,Surat,Gujarat,West
C0024,Aarav Mehta,Male,38,Hyderabad,Telangana,South
C0025,Karan Joshi,Female,40,Pune,Maharashtra,West
C0026,Aarav Chavan,Female,32,Bhubaneswar,Odisha,East
C0027,Kavya Shinde,Male,26,New Delhi,Delhi,North
C0028,Priya Shinde,Male,42,Durgapur,West Bengal,East
C0029,Deepak Pawar,Female,24,Pune,Maharashtra,West
C0030,Sneha Patil,Male,34,Gaya,Bihar,East
C0031,Deepak Singh,Male,41,Gaya,Bihar,East
C0032,Anil Gore,Female,41,Bhubaneswar,Odisha,East
C0033,Neha Verma,Female,43,Bengaluru,Karnataka,South
C0034,Rahul Reddy,Male,34,Jodhpur,Rajasthan,North
C0035,Neha Gore,Female,39,Chennai,Tamil Nadu,South
C0036,Tanvi More,Male,24,Siliguri,West Bengal,East
C0037,Isha Chavan,Male,36,Bengaluru,Karnataka,South
C0038,Vikas Reddy,Male,46,Warangal,Telangana,South
C0039,Meera More,Male,35,Mysuru,Karnataka,South
C0040,Karan Chavan,Male,19,Jaipur,Rajasthan,North
C0041,Suresh Reddy,Female,47,Warangal,Telangana,South
C0042,Pooja Joshi,Male,25,Durgapur,West Bengal,East
C0043,Rohit Jadhav,Male,49,Jaipur,Rajasthan,North
C0044,Aryan Chavan,Female,51,Surat,Gujarat,West
C0045,Rohit Naik,Male,46,Chennai,Tamil Nadu,South
C0046,Sanjay Kulkarni,Female,40,Kolkata,West Bengal,East
C0047,Tanvi More,Female,64,Vadodara,Gujarat,West
C0048,Aditya Chavan,Male,45,Bhubaneswar,Odisha,East
C0049,Anjali Patil,Male,49,Siliguri,West Bengal,East
C0050,Sakshi Mehta,Male,33,Cuttack,Odisha,East
C0051,Priya Deshmukh,Female,38,Warangal,Telangana,South
C0052,Rohit Iyer,Female,24,Surat,Gujarat,West
C0053,Anil Sharma,Male,38,Coimbatore,Tamil Nadu,South
C0054,Meera Chavan,Female,46,Udaipur,Rajasthan,North
C0055,Aditi Sharma,Male,22,Amritsar,Punjab,North
C0056,Aryan Patil,Male,40,Mangaluru,Karnataka,South
C0057,Priya Deshmukh,Male,55,Nagpur,Maharashtra,West
C0058,Arjun Patil,Male,61,Coimbatore,Tamil Nadu,South
C0059,Priya Singh,Female,34,Vadodara,Gujarat,West
C0060,Vikas Mehta,Male,49,Amritsar,Punjab,North
C0061,Nikhil Chavan,Male,31,Chennai,Tamil Nadu,South
C0062,Anjali Patil,Male,42,Ahmedabad,Gujarat,West
C0063,Arjun Verma,Female,21,New Delhi,Delhi,North
C0064,Shreya Khan,Female,40,Delhi,Delhi,North
C0065,Deepak Pawar,Female,38,Bhubaneswar,Odisha,East
C0066,Akash Shinde,Female,51,Coimbatore,Tamil Nadu,South
C0067,Amit Pawar,Female,29,New Delhi,Delhi,North
C0068,Rahul Gupta,Female,38,Vadodara,Gujarat,West
C0069,Sanjay Pawar,Male,57,Rourkela,Odisha,East
C0070,Divya Khan,Male,24,Surat,Gujarat,West
C0071,Isha Reddy,Female,38,Cuttack,Odisha,East
C0072,Shreya Mehta,Female,19,Coimbatore,Tamil Nadu,South
C0073,Deepak Sharma,Male,53,Amritsar,Punjab,North
C0074,Shreya Verma,Female,28,Udaipur,Rajasthan,North
C0075,Sneha Jadhav,Female,52,Kolkata,West Bengal,East
C0076,Aditi Nair,Female,39,Amritsar,Punjab,North
C0077,Sakshi Sharma,Female,53,Hyderabad,Telangana,South
C0078,Priya Chavan,Male,60,Vadodara,Gujarat,West
C0079,Vikas Khan,Male,51,Hyderabad,Telangana,South
C0080,Shreya Patil,Male,26,Ludhiana,Punjab,North
C0081,Anjali Reddy,Male,42,Bhubaneswar,Odisha,East
C0082,Deepak More,Female,42,Kolkata,West Bengal,East
C0083,Aditya Kulkarni,Female,54,Siliguri,West Bengal,East
C0084,Divya Chavan,Female,55,Nagpur,Maharashtra,West
C0085,Divya Chavan,Male,61,Durgapur,West Bengal,East
C0086,Sneha Reddy,Male,34,Udaipur,Rajasthan,North
C0087,Sanjay Reddy,Male,29,Durgapur,West Bengal,East
C0088,Meera Chavan,Female,48,Amritsar,Punjab,North
C0089,Neha Deshmukh,Female,33,Thane,Maharashtra,West
C0090,Anjali Naik,Male,29,Amritsar,Punjab,North
C0091,Sneha Shinde,Male,43,Patiala,Punjab,North
C0092,Aryan Iyer,Male,34,Patna,Bihar,East
C0093,Shreya Jadhav,Female,32,Mangaluru,Karnataka,South
C0094,Anil Shinde,Male,25,Thane,Maharashtra,West
C0095,Sneha Naik,Male,47,Amritsar,Punjab,North
C0096,Aditya Naik,Male,59,Mangaluru,Karnataka,South
C0097,Neha Mehta,Male,41,Mangaluru,Karnataka,South
C0098,Divya Khan,Female,20,Nashik,Maharashtra,West
C0099,Deepak More,Female,40,Patna,Bihar,East
C0100,Anil Nair,Female,21,Warangal,Telangana,South
C0101,Riya Khan,Female,50,Bhubaneswar,Odisha,East
C0102,Aryan Singh,Female,19,Jaipur,Rajasthan,North
C0103,Aditya Gupta,Female,47,Rourkela,Odisha,East
C0104,Rohit Khan,Male,35,Siliguri,West Bengal,East
C0105,Sneha Jadhav,Female,46,Udaipur,Rajasthan,North
C0106,Neha Singh,Male,33,Durgapur,West Bengal,East
C0107,Sanjay Gupta,Female,42,Patiala,Punjab,North
C0108,Anil Gore,Male,18,Vadodara,Gujarat,West
C0109,Aditya Khan,Female,47,Mumbai,Maharashtra,West
C0110,Akash Naik,Female,54,Jodhpur,Rajasthan,North
C0111,Meera Sharma,Male,63,Jaipur,Rajasthan,North
C0112,Arjun Nair,Male,41,Patiala,Punjab,North
C0113,Divya Deshmukh,Male,54,Warangal,Telangana,South
C0114,Suresh Pawar,Male,63,Mangaluru,Karnataka,South
C0115,Vikas Khan,Female,42,Patiala,Punjab,North
C0116,Priya Joshi,Male,25,New Delhi,Delhi,North
C0117,Tanvi Chavan,Male,63,Gaya,Bihar,East
C0118,Deepak Patil,Male,43,Mysuru,Karnataka,South
C0119,Neha Kulkarni,Female,23,Mumbai,Maharashtra,West
C0120,Amit Nair,Male,26,Bengaluru,Karnataka,South
C0121,Priya Reddy,Male,59,Hyderabad,Telangana,South
C0122,Nikhil Naik,Female,34,Mangaluru,Karnataka,South
C0123,Aditya Pawar,Male,64,Nashik,Maharashtra,West
C0124,Arjun Joshi,Female,54,Hyderabad,Telangana,South
C0125,Deepak Shinde,Female,20,Cuttack,Odisha,East
C0126,Suresh Shinde,Male,42,Udaipur,Rajasthan,North
C0127,Divya Gupta,Male,32,Jodhpur,Rajasthan,North
C0128,Sanjay Deshmukh,Male,51,Gaya,Bihar,East
C0129,Ananya More,Male,22,Siliguri,West Bengal,East
C0130,Nikhil Pawar,Male,30,Cuttack,Odisha,East
C0131,Isha Reddy,Female,57,Bhubaneswar,Odisha,East
C0132,Vikas Chavan,Female,20,Bengaluru,Karnataka,South
C0133,Anjali Khan,Male,50,Jodhpur,Rajasthan,North
C0134,Meera More,Female,50,Nashik,Maharashtra,West
C0135,Sneha Iyer,Male,30,Madurai,Tamil Nadu,South
C0136,Isha Gupta,Female,44,Madurai,Tamil Nadu,South
C0137,Suresh Jadhav,Male,60,Warangal,Telangana,South
C0138,Shreya Chavan,Male,40,Jaipur,Rajasthan,North
C0139,Aryan Verma,Male,47,Jodhpur,Rajasthan,North
C0140,Nikhil Joshi,Female,31,Patna,Bihar,East
C0141,Tanvi Singh,Male,19,Chennai,Tamil Nadu,South
C0142,Karan Reddy,Male,34,Jaipur,Rajasthan,North
C0143,Aditi Khan,Male,23,Gaya,Bihar,East
C0144,Vikas Jadhav,Female,58,Mangaluru,Karnataka,South
C0145,Aditi Nair,Female,54,Delhi,Delhi,North
C0146,Riya Joshi,Female,49,Ahmedabad,Gujarat,West
C0147,Akash Reddy,Female,39,Cuttack,Odisha,East
C0148,Aryan Sharma,Female,43,Kolkata,West Bengal,East
C0149,Sneha Naik,Female,31,Warangal,Telangana,South
C0150,Kavya Singh,Female,52,Delhi,Delhi,North
C0151,Divya Jadhav,Male,28,Chennai,Tamil Nadu,South
C0152,Ananya Nair,Male,49,Patna,Bihar,East
C0153,Deepak Patil,Female,51,Rourkela,Odisha,East
C0154,Akash Reddy,Male,30,Jaipur,Rajasthan,North
C0155,Anil Nair,Male,46,Kolkata,West Bengal,East
C0156,Deepak Gore,Female,19,Jaipur,Rajasthan,North
C0157,Riya Verma,Male,20,Nagpur,Maharashtra,West
C0158,Vikas Singh,Female,45,Mumbai,Maharashtra,West
C0159,Rahul Nair,Female,54,Kolkata,West Bengal,East
C0160,Priya Pawar,Male,22,Patna,Bihar,East
C0161,Sneha Sharma,Female,55,Siliguri,West Bengal,East
C0162,Aditi Kulkarni,Female,42,Madurai,Tamil Nadu,South
C0163,Kavya Singh,Female,44,Durgapur,West Bengal,East
C0164,Sanjay Reddy,Male,25,Mysuru,Karnataka,South
C0165,Sneha Mehta,Female,24,Udaipur,Rajasthan,North
C0166,Tanvi Singh,Male,41,New Delhi,Delhi,North
C0167,Aditya Gore,Female,32,Amritsar,Punjab,North
C0168,Vikas Mehta,Male,34,Patna,Bihar,East
C0169,Divya Gore,Female,26,Durgapur,West Bengal,East
C0170,Meera Patil,Female,25,Warangal,Telangana,South
C0171,Isha Reddy,Female,38,Nashik,Maharashtra,West
C0172,Vikas Naik,Female,64,Mysuru,Karnataka,South
C0173,Ananya Verma,Male,42,Rourkela,Odisha,East
C0174,Suresh Pawar,Male,25,Ludhiana,Punjab,North
C0175,Riya Chavan,Female,58,Patna,Bihar,East
C0176,Divya Mehta,Female,32,New Delhi,Delhi,North
C0177,Riya Gore,Male,27,Amritsar,Punjab,North
C0178,Suresh Sharma,Female,50,Durgapur,West Bengal,East
C0179,Arjun Khan,Female,50,Chennai,Tamil Nadu,South
C0180,Priya Jadhav,Female,55,Thane,Maharashtra,West
C0181,Karan Naik,Male,51,Pune,Maharashtra,West
C0182,Rohit Singh,Male,57,Cuttack,Odisha,East
C0183,Tanvi Kulkarni,Male,23,Madurai,Tamil Nadu,South
C0184,Ananya Shinde,Male,48,Jaipur,Rajasthan,North
C0185,Arjun Naik,Female,25,Rajkot,Gujarat,West
C0186,Suresh Gore,Female,64,Mysuru,Karnataka,South
C0187,Anil Verma,Female,33,Nashik,Maharashtra,West
C0188,Ananya Kulkarni,Male,58,Warangal,Telangana,South
C0189,Aryan Mehta,Male,35,Nagpur,Maharashtra,West
C0190,Divya Singh,Male,42,Amritsar,Punjab,North
C0191,Pooja Chavan,Male,63,Thane,Maharashtra,West
C0192,Isha More,Male,49,Gaya,Bihar,East
C0193,Divya Naik,Female,35,Nashik,Maharashtra,West
C0194,Riya Deshmukh,Female,58,Vadodara,Gujarat,West
C0195,Aditya Gupta,Male,52,Vadodara,Gujarat,West
C0196,Tanvi Nair,Male,24,New Delhi,Delhi,North
C0197,Vikas Gore,Male,21,Jaipur,Rajasthan,North
C0198,Divya Gore,Female,41,Warangal,Telangana,South
C0199,Neha Chavan,Female,58,Pune,Maharashtra,West
C0200,Shreya Patil,Female,53,Nagpur,Maharashtra,West
C0201,Kavya Patil,Female,23,Mysuru,Karnataka,South
C0202,Aryan Chavan,Male,29,Vadodara,Gujarat,West
C0203,Isha Naik,Female,38,Hyderabad,Telangana,South
C0204,Aarav Kulkarni,Female,25,Rourkela,Odisha,East
C0205,Meera Gupta,Female,31,Delhi,Delhi,North
C0206,Aditi Deshmukh,Male,55,Jodhpur,Rajasthan,North
C0207,Arjun Nair,Female,56,Chennai,Tamil Nadu,South
C0208,Priya Patil,Male,23,Jaipur,Rajasthan,North
C0209,Sneha Patil,Male,54,Patna,Bihar,East
C0210,Aarav More,Female,53,Ludhiana,Punjab,North
C0211,Rohit Nair,Male,28,Patna,Bihar,East
C0212,Aditya Mehta,Female,27,Pune,Maharashtra,West
C0213,Aryan Singh,Female,58,New Delhi,Delhi,North
C0214,Amit Gore,Female,60,Ludhiana,Punjab,North
C0215,Aarav Gore,Female,60,Warangal,Telangana,South
C0216,Kavya Deshmukh,Female,54,Chennai,Tamil Nadu,South
C0217,Neha Singh,Female,45,Ahmedabad,Gujarat,West
C0218,Kavya Pawar,Female,37,New Delhi,Delhi,North
C0219,Karan Patil,Male,54,Delhi,Delhi,North
C0220,Shreya Sharma,Male,52,Gaya,Bihar,East
C0221,Rahul Deshmukh,Male,31,Thane,Maharashtra,West
C0222,Priya Naik,Female,60,Durgapur,West Bengal,East
C0223,Aditi Naik,Male,56,Gaya,Bihar,East
C0224,Sakshi Nair,Male,40,New Delhi,Delhi,North
C0225,Priya Khan,Female,33,Mysuru,Karnataka,South
C0226,Aryan More,Female,38,Coimbatore,Tamil Nadu,South
C0227,Rohit More,Male,49,Patna,Bihar,East
C0228,Amit Nair,Female,64,Coimbatore,Tamil Nadu,South
C0229,Aarav Verma,Female,47,Mysuru,Karnataka,South
C0230,Nikhil Reddy,Female,25,Cuttack,Odisha,East
C0231,Anjali Reddy,Female,44,Mangaluru,Karnataka,South
C0232,Karan Joshi,Male,18,Bengaluru,Karnataka,South
C0233,Meera Mehta,Male,22,Madurai,Tamil Nadu,South
C0234,Shreya Patil,Female,23,Jaipur,Rajasthan,North
C0235,Arjun Sharma,Male,42,Madurai,Tamil Nadu,South
C0236,Arjun Khan,Male,58,Kolkata,West Bengal,East
C0237,Akash Patil,Male,55,Nashik,Maharashtra,West
C0238,Akash Pawar,Male,23,Amritsar,Punjab,North
C0239,Nikhil Khan,Male,40,Jodhpur,Rajasthan,North
C0240,Isha Verma,Male,41,Vadodara,Gujarat,West
C0241,Riya Jadhav,Male,38,Amritsar,Punjab,North
C0242,Divya Jadhav,Male,38,Mumbai,Maharashtra,West
C0243,Suresh Sharma,Male,49,Patna,Bihar,East
C0244,Aditya Singh,Female,43,Kolkata,West Bengal,East
C0245,Aditya More,Female,31,Siliguri,West Bengal,East
C0246,Aditi Mehta,Male,20,Surat,Gujarat,West
C0247,Shreya More,Female,19,Jaipur,Rajasthan,North
C0248,Suresh Singh,Male,51,Cuttack,Odisha,East
C0249,Kavya Singh,Female,32,Bengaluru,Karnataka,South
C0250,Meera Pawar,Female,61,Udaipur,Rajasthan,North
C0251,Deepak Khan,Male,40,Rourkela,Odisha,East
C0252,Rohit Iyer,Male,32,Siliguri,West Bengal,East
C0253,Akash Verma,Male,32,Chennai,Tamil Nadu,South
C0254,Rahul Khan,Female,36,Nagpur,Maharashtra,West
C0255,Karan Joshi,Female,63,Surat,Gujarat,West
C0256,Tanvi Nair,Female,52,Nashik,Maharashtra,West
C0257,Meera Gupta,Female,47,Warangal,Telangana,South
C0258,Aditi Reddy,Male,21,Warangal,Telangana,South
C0259,Sanjay Verma,Male,48,Gaya,Bihar,East
C0260,Anil Khan,Male,24,Jodhpur,Rajasthan,North
C0261,Sakshi Reddy,Female,59,Siliguri,West Bengal,East
C0262,Anil Sharma,Female,62,Durgapur,West Bengal,East
C0263,Kavya Khan,Male,39,Mysuru,Karnataka,South
C0264,Rahul Shinde,Female,26,Mysuru,Karnataka,South
C0265,Aryan Gupta,Female,41,Mangaluru,Karnataka,South
C0266,Shreya Deshmukh,Female,41,Chennai,Tamil Nadu,South
C0267,Akash Jadhav,Female,42,Patiala,Punjab,North
C0268,Pooja Joshi,Female,50,Delhi,Delhi,North
C0269,Nikhil Deshmukh,Male,52,Patiala,Punjab,North
C0270,Aditi Sharma,Male,38,Nagpur,Maharashtra,West
C0271,Riya Iyer,Male,32,Ludhiana,Punjab,North
C0272,Suresh Jadhav,Female,28,Madurai,Tamil Nadu,South
C0273,Arjun Mehta,Male,42,Gaya,Bihar,East
C0274,Aditya Jadhav,Male,35,Pune,Maharashtra,West
C0275,Aryan Jadhav,Male,28,Patiala,Punjab,North
C0276,Sakshi Mehta,Male,21,Madurai,Tamil Nadu,South
C0277,Ananya Gupta,Female,56,Delhi,Delhi,North
C0278,Karan Joshi,Female,54,Ludhiana,Punjab,North
C0279,Akash Kulkarni,Male,25,Chennai,Tamil Nadu,South
C0280,Sneha Pawar,Male,56,Bengaluru,Karnataka,South
C0281,Neha Patil,Female,22,Kolkata,West Bengal,East
C0282,Rahul More,Female,25,Mangaluru,Karnataka,South
C0283,Aditya Singh,Male,20,Durgapur,West Bengal,East
C0284,Ananya Patil,Male,61,Surat,Gujarat,West
C0285,Ananya Reddy,Male,51,Surat,Gujarat,West
C0286,Vikas Gore,Female,39,Vadodara,Gujarat,West
C0287,Shreya Joshi,Male,30,Delhi,Delhi,North
C0288,Kavya Iyer,Female,47,Bengaluru,Karnataka,South
C0289,Rohit Iyer,Female,34,Kolkata,West Bengal,East
C0290,Meera Khan,Male,45,Madurai,Tamil Nadu,South
C0291,Anjali Deshmukh,Female,57,Nashik,Maharashtra,West
C0292,Sanjay Gore,Female,39,Chennai,Tamil Nadu,South
C0293,Anjali Jadhav,Female,50,Pune,Maharashtra,West
C0294,Meera Singh,Female,51,Hyderabad,Telangana,South
C0295,Karan Joshi,Male,40,Chennai,Tamil Nadu,South
C0296,Isha Patil,Male,38,Amritsar,Punjab,North
C0297,Sneha Shinde,Male,28,Amritsar,Punjab,North
C0298,Priya Joshi,Female,23,Udaipur,Rajasthan,North
C0299,Riya Verma,Male,39,Mangaluru,Karnataka,South
C0300,Amit Gore,Female,29,Nagpur,Maharashtra,West
C0301,Aryan Pawar,Female,62,Mumbai,Maharashtra,West
C0302,Vikas Gupta,Female,31,Patna,Bihar,East
C0303,Aditya Iyer,Male,31,Mysuru,Karnataka,South
C0304,Kavya Kulkarni,Female,44,New Delhi,Delhi,North
C0305,Aditya Naik,Female,37,Jodhpur,Rajasthan,North
C0306,Aryan Patil,Male,50,Delhi,Delhi,North
C0307,Karan Sharma,Female,33,Delhi,Delhi,North
C0308,Karan Gore,Male,52,Delhi,Delhi,North
C0309,Ananya Khan,Male,51,Bengaluru,Karnataka,South
C0310,Rahul Patil,Female,42,Delhi,Delhi,North
C0311,Akash Khan,Female,29,Patiala,Punjab,North
C0312,Suresh Khan,Male,31,Gaya,Bihar,East
C0313,Nikhil Pawar,Female,46,Gaya,Bihar,East
C0314,Vikas Patil,Female,40,Vadodara,Gujarat,West
C0315,Pooja Deshmukh,Male,51,Hyderabad,Telangana,South
C0316,Sanjay Patil,Female,28,Pune,Maharashtra,West
C0317,Tanvi Nair,Male,40,Pune,Maharashtra,West
C0318,Arjun Kulkarni,Male,26,Hyderabad,Telangana,South
C0319,Karan Chavan,Male,33,Mysuru,Karnataka,South
C0320,Akash Joshi,Male,57,Chennai,Tamil Nadu,South
C0321,Amit Jadhav,Female,46,Bengaluru,Karnataka,South
C0322,Akash Pawar,Male,54,Nagpur,Maharashtra,West
C0323,Vikas Kulkarni,Male,44,Nagpur,Maharashtra,West
C0324,Riya Mehta,Male,54,Warangal,Telangana,South
C0325,Riya Deshmukh,Female,19,New Delhi,Delhi,North
C0326,Sneha Pawar,Male,38,Mysuru,Karnataka,South
C0327,Rohit Jadhav,Male,18,Durgapur,West Bengal,East
C0328,Rahul Naik,Male,38,Hyderabad,Telangana,South
C0329,Nikhil Deshmukh,Male,49,Ludhiana,Punjab,North
C0330,Neha Kulkarni,Male,28,Nagpur,Maharashtra,West
C0331,Rahul Gore,Female,43,Hyderabad,Telangana,South
C0332,Akash Patil,Female,35,Mysuru,Karnataka,South
C0333,Arjun Gore,Male,55,Nashik,Maharashtra,West
C0334,Rahul Gupta,Male,58,Coimbatore,Tamil Nadu,South
C0335,Neha Shinde,Male,18,Warangal,Telangana,South
C0336,Suresh Iyer,Male,50,Jodhpur,Rajasthan,North
C0337,Nikhil More,Male,45,Pune,Maharashtra,West
C0338,Rohit Patil,Female,39,Mangaluru,Karnataka,South
C0339,Neha Nair,Male,40,Rajkot,Gujarat,West
C0340,Pooja Deshmukh,Female,61,Kolkata,West Bengal,East
C0341,Rohit Deshmukh,Female,30,Bhubaneswar,Odisha,East
C0342,Sanjay Verma,Male,62,Delhi,Delhi,North
C0343,Sakshi Kulkarni,Female,34,Rourkela,Odisha,East
C0344,Priya More,Female,48,Bengaluru,Karnataka,South
C0345,Akash Verma,Female,32,Amritsar,Punjab,North
C0346,Anil Chavan,Female,60,Patiala,Punjab,North
C0347,Amit Deshmukh,Female,49,Surat,Gujarat,West
C0348,Aryan Pawar,Male,49,Delhi,Delhi,North
C0349,Anjali More,Male,26,Jaipur,Rajasthan,North
C0350,Kavya Naik,Male,53,Surat,Gujarat,West
C0351,Akash Mehta,Male,58,Gaya,Bihar,East
C0352,Shreya Naik,Female,38,Bhubaneswar,Odisha,East
C0353,Divya More,Female,30,Rajkot,Gujarat,West
C0354,Meera Patil,Male,27,Bhubaneswar,Odisha,East
C0355,Anjali Naik,Male,26,Mumbai,Maharashtra,West
C0356,Anjali Mehta,Female,42,Ludhiana,Punjab,North
C0357,Riya Gore,Female,37,Pune,Maharashtra,West
C0358,Divya Chavan,Female,38,Kolkata,West Bengal,East
C0359,Shreya Jadhav,Male,29,Patna,Bihar,East
C0360,Kavya Naik,Male,30,New Delhi,Delhi,North
C0361,Rahul More,Female,57,Jodhpur,Rajasthan,North
C0362,Anil Singh,Female,28,Cuttack,Odisha,East
C0363,Riya Verma,Male,39,Jodhpur,Rajasthan,North
C0364,Isha Naik,Female,46,Bhubaneswar,Odisha,East
C0365,Kavya Gore,Male,48,Bengaluru,Karnataka,South
C0366,Pooja Singh,Male,39,Vadodara,Gujarat,West
C0367,Amit Sharma,Female,20,Siliguri,West Bengal,East
C0368,Riya Chavan,Male,46,Patiala,Punjab,North
C0369,Anil Singh,Male,42,Cuttack,Odisha,East
C0370,Kavya More,Female,33,Jaipur,Rajasthan,North
C0371,Divya Deshmukh,Male,18,Kolkata,West Bengal,East
C0372,Aryan Patil,Male,42,Madurai,Tamil Nadu,South
C0373,Rahul Mehta,Male,44,Coimbatore,Tamil Nadu,South
C0374,Aditi Shinde,Female,30,Nashik,Maharashtra,West
C0375,Priya Joshi,Female,59,Ludhiana,Punjab,North
C0376,Shreya Singh,Male,31,Mysuru,Karnataka,South
C0377,Sanjay Patil,Male,37,Jodhpur,Rajasthan,North
C0378,Meera Chavan,Male,23,Vadodara,Gujarat,West
C0379,Pooja Deshmukh,Female,21,Rajkot,Gujarat,West
C0380,Tanvi Joshi,Female,27,Udaipur,Rajasthan,North
C0381,Riya Kulkarni,Female,54,Delhi,Delhi,North
C0382,Rahul More,Male,38,Mysuru,Karnataka,South
C0383,Ananya Mehta,Female,62,Durgapur,West Bengal,East
C0384,Rohit Jadhav,Female,46,Bhubaneswar,Odisha,East
C0385,Aditya Deshmukh,Female,21,Delhi,Delhi,North
C0386,Sakshi Patil,Female,35,Cuttack,Odisha,East
C0387,Suresh Chavan,Male,63,Rourkela,Odisha,East
C0388,Riya Khan,Female,47,New Delhi,Delhi,North
C0389,Ananya Joshi,Female,36,Pune,Maharashtra,West
C0390,Akash Reddy,Male,50,Chennai,Tamil Nadu,South
C0391,Priya Reddy,Male,45,Cuttack,Odisha,East
C0392,Kavya Verma,Male,62,New Delhi,Delhi,North
C0393,Neha Pawar,Female,37,New Delhi,Delhi,North
C0394,Kavya Nair,Female,64,Gaya,Bihar,East
C0395,Suresh Verma,Male,26,Warangal,Telangana,South
C0396,Meera Deshmukh,Male,27,Pune,Maharashtra,West
C0397,Aditya Khan,Male,47,Amritsar,Punjab,North
C0398,Riya Khan,Female,34,Warangal,Telangana,South
C0399,Isha Chavan,Male,36,Hyderabad,Telangana,South
C0400,Aditya Mehta,Female,22,Jodhpur,Rajasthan,North
C0401,Amit Gore,Male,38,Chennai,Tamil Nadu,South
C0402,Amit Joshi,Female,43,Delhi,Delhi,North
C0403,Anil Jadhav,Female,52,Coimbatore,Tamil Nadu,South
C0404,Sakshi Joshi,Female,58,Bengaluru,Karnataka,South
C0405,Karan Singh,Female,48,Jodhpur,Rajasthan,North
C0406,Akash Singh,Female,47,Ludhiana,Punjab,North
C0407,Suresh Jadhav,Male,45,Coimbatore,Tamil Nadu,South
C0408,Sakshi Gupta,Female,33,Surat,Gujarat,West
C0409,Aryan Khan,Female,61,Cuttack,Odisha,East
C0410,Isha Joshi,Female,60,Bengaluru,Karnataka,South
C0411,Nikhil Verma,Male,38,Nagpur,Maharashtra,West
C0412,Aarav Jadhav,Female,32,Amritsar,Punjab,North
C0413,Sakshi Verma,Female,41,Mysuru,Karnataka,South
C0414,Meera Jadhav,Male,59,Rourkela,Odisha,East
C0415,Divya Mehta,Male,54,Jodhpur,Rajasthan,North
C0416,Rahul Naik,Male,20,Cuttack,Odisha,East
C0417,Shreya Deshmukh,Female,36,Hyderabad,Telangana,South
C0418,Sanjay Singh,Male,58,Rourkela,Odisha,East
C0419,Nikhil Joshi,Male,59,Hyderabad,Telangana,South
C0420,Anil Sharma,Male,41,Jaipur,Rajasthan,North
C0421,Tanvi Patil,Female,60,Kolkata,West Bengal,East
C0422,Anil Reddy,Male,51,Hyderabad,Telangana,South
C0423,Aarav Gupta,Male,22,Pune,Maharashtra,West
C0424,Riya Iyer,Male,19,Cuttack,Odisha,East
C0425,Aditi Iyer,Female,56,Cuttack,Odisha,East
C0426,Sakshi Nair,Female,55,Nagpur,Maharashtra,West
C0427,Sneha Gupta,Male,49,Rajkot,Gujarat,West
C0428,Rahul Gore,Female,21,New Delhi,Delhi,North
C0429,Priya Nair,Female,57,Durgapur,West Bengal,East
C0430,Kavya Gore,Female,31,Ludhiana,Punjab,North
C0431,Tanvi Shinde,Female,45,Hyderabad,Telangana,South
C0432,Neha Patil,Male,20,Pune,Maharashtra,West
C0433,Aryan Gore,Male,23,Jaipur,Rajasthan,North
C0434,Priya Naik,Male,36,Hyderabad,Telangana,South
C0435,Pooja Verma,Female,29,New Delhi,Delhi,North
C0436,Anjali Shinde,Female,54,Jodhpur,Rajasthan,North
C0437,Anjali Shinde,Male,32,Bengaluru,Karnataka,South
C0438,Anjali Naik,Female,37,Cuttack,Odisha,East
C0439,Divya Patil,Male,33,Mysuru,Karnataka,South
C0440,Isha Kulkarni,Male,60,Hyderabad,Telangana,South
C0441,Ananya Sharma,Female,18,Delhi,Delhi,North
C0442,Anjali Deshmukh,Female,60,Siliguri,West Bengal,East
C0443,Akash Pawar,Female,36,Hyderabad,Telangana,South
C0444,Divya Verma,Female,33,Mumbai,Maharashtra,West
C0445,Isha Khan,Female,21,Chennai,Tamil Nadu,South
C0446,Ananya Deshmukh,Male,20,Warangal,Telangana,South
C0447,Akash Gore,Female,43,Bhubaneswar,Odisha,East
C0448,Vikas Deshmukh,Male,45,Cuttack,Odisha,East
C0449,Arjun Gore,Female,23,Hyderabad,Telangana,South
C0450,Suresh Singh,Male,28,Udaipur,Rajasthan,North
C0451,Kavya Singh,Female,26,Coimbatore,Tamil Nadu,South
C0452,Sakshi Patil,Female,20,Thane,Maharashtra,West
C0453,Suresh Iyer,Male,45,Warangal,Telangana,South
C0454,Vikas Sharma,Male,52,Jodhpur,Rajasthan,North
C0455,Arjun Chavan,Male,35,Cuttack,Odisha,East
C0456,Deepak Iyer,Female,39,Cuttack,Odisha,East
C0457,Amit Singh,Male,47,New Delhi,Delhi,North
C0458,Sneha Kulkarni,Male,37,Hyderabad,Telangana,South
C0459,Meera Patil,Female,52,Chennai,Tamil Nadu,South
C0460,Sakshi Nair,Male,23,Rajkot,Gujarat,West
C0461,Priya Sharma,Female,40,Chennai,Tamil Nadu,South
C0462,Aditya Joshi,Female,42,Rourkela,Odisha,East
C0463,Ananya Nair,Male,38,Rourkela,Odisha,East
C0464,Sanjay Mehta,Female,31,Mangaluru,Karnataka,South
C0465,Anil Shinde,Male,30,Bhubaneswar,Odisha,East
C0466,Pooja Sharma,Female,44,Pune,Maharashtra,West
C0467,Sneha Patil,Female,63,Patiala,Punjab,North
C0468,Karan Joshi,Male,25,Warangal,Telangana,South
C0469,Aditya Chavan,Female,31,Coimbatore,Tamil Nadu,South
C0470,Priya Reddy,Male,57,Patiala,Punjab,North
C0471,Shreya Pawar,Male,39,Jodhpur,Rajasthan,North
C0472,Sanjay Chavan,Female,20,Rajkot,Gujarat,West
C0473,Pooja Shinde,Female,37,Pune,Maharashtra,West
C0474,Anil Mehta,Male,26,Patna,Bihar,East
C0475,Suresh Chavan,Male,31,Madurai,Tamil Nadu,South
C0476,Rahul Joshi,Female,34,Amritsar,Punjab,North
C0477,Arjun Sharma,Female,42,Surat,Gujarat,West
C0478,Deepak Kulkarni,Male,31,Mysuru,Karnataka,South
C0479,Akash Joshi,Female,25,Mumbai,Maharashtra,West
C0480,Arjun Mehta,Female,58,Pune,Maharashtra,West
C0481,Rohit Iyer,Male,47,Mangaluru,Karnataka,South
C0482,Aditya Verma,Female,63,Gaya,Bihar,East
C0483,Rahul Deshmukh,Female,37,Warangal,Telangana,South
C0484,Aditya Singh,Male,26,Bengaluru,Karnataka,South
C0485,Arjun Joshi,Male,34,Thane,Maharashtra,West
C0486,Sakshi Sharma,Female,62,Pune,Maharashtra,West
C0487,Kavya More,Female,29,Patiala,Punjab,North
C0488,Kavya Nair,Male,36,Cuttack,Odisha,East
C0489,Priya More,Male,55,Gaya,Bihar,East
C0490,Sanjay Chavan,Female,24,Rajkot,Gujarat,West
C0491,Divya Khan,Male,39,Mysuru,Karnataka,South
C0492,Aditi Patil,Male,58,Rajkot,Gujarat,West
C0493,Anjali Pawar,Female,39,Bengaluru,Karnataka,South
C0494,Nikhil Reddy,Male,29,Jaipur,Rajasthan,North
C0495,Sneha More,Male,59,Pune,Maharashtra,West
C0496,Sanjay Khan,Male,52,Bhubaneswar,Odisha,East
C0497,Aditya Iyer,Male,37,Amritsar,Punjab,North
C0498,Isha Pawar,Male,63,Bhubaneswar,Odisha,East
C0499,Vikas More,Male,37,Bhubaneswar,Odisha,East
C0500,Shreya Jadhav,Male,59,Bhubaneswar,Odisha,East
C0501,Riya Shinde,Male,41,Vadodara,Gujarat,West
C0502,Neha Shinde,Male,41,Bengaluru,Karnataka,South
C0503,Pooja Jadhav,Male,58,Kolkata,West Bengal,East
C0504,Isha Verma,Female,36,Udaipur,Rajasthan,North
C0505,Isha Mehta,Male,18,Madurai,Tamil Nadu,South
C0506,Divya More,Female,62,Rourkela,Odisha,East
C0507,Tanvi Iyer,Male,62,Warangal,Telangana,South
C0508,Anil Deshmukh,Female,42,Surat,Gujarat,West
C0509,Karan Khan,Male,40,Patna,Bihar,East
C0510,Kavya Gore,Female,35,Ludhiana,Punjab,North
C0511,Akash Sharma,Male,53,Coimbatore,Tamil Nadu,South
C0512,Amit Chavan,Male,45,Durgapur,West Bengal,East
C0513,Priya Reddy,Male,29,Warangal,Telangana,South
C0514,Pooja Nair,Male,56,Durgapur,West Bengal,East
C0515,Tanvi Shinde,Female,19,Coimbatore,Tamil Nadu,South
C0516,Deepak Khan,Female,31,Rourkela,Odisha,East
C0517,Pooja Shinde,Male,56,Warangal,Telangana,South
C0518,Priya Pawar,Male,19,Siliguri,West Bengal,East
C0519,Ananya Kulkarni,Female,47,Ludhiana,Punjab,North
C0520,Neha Shinde,Female,29,Mysuru,Karnataka,South
C0521,Deepak Sharma,Male,62,Nashik,Maharashtra,West
C0522,Shreya Deshmukh,Male,48,Mangaluru,Karnataka,South
C0523,Rohit Pawar,Female,38,Chennai,Tamil Nadu,South
C0524,Deepak Naik,Female,52,Surat,Gujarat,West
C0525,Rohit Shinde,Male,55,Thane,Maharashtra,West
C0526,Vikas Singh,Female,49,Jodhpur,Rajasthan,North
C0527,Aditya Singh,Male,58,Patiala,Punjab,North
C0528,Rohit More,Male,49,Udaipur,Rajasthan,North
C0529,Sneha Joshi,Female,50,Warangal,Telangana,South
C0530,Sakshi Deshmukh,Male,21,Pune,Maharashtra,West
C0531,Sakshi Sharma,Male,64,Jaipur,Rajasthan,North
C0532,Tanvi Gupta,Female,35,Udaipur,Rajasthan,North
C0533,Deepak Nair,Male,44,Siliguri,West Bengal,East
C0534,Deepak Reddy,Male,55,Mysuru,Karnataka,South
C0535,Anjali Patil,Female,29,Kolkata,West Bengal,East
C0536,Akash Reddy,Male,22,Mumbai,Maharashtra,West
C0537,Aditya Verma,Male,21,Nashik,Maharashtra,West
C0538,Sneha Mehta,Female,60,Coimbatore,Tamil Nadu,South
C0539,Aryan Chavan,Female,23,Siliguri,West Bengal,East
C0540,Tanvi Nair,Male,47,New Delhi,Delhi,North
C0541,Amit Deshmukh,Female,54,Gaya,Bihar,East
C0542,Rohit Pawar,Female,35,Mangaluru,Karnataka,South
C0543,Arjun Reddy,Male,30,Nagpur,Maharashtra,West
C0544,Kavya Gore,Male,62,Madurai,Tamil Nadu,South
C0545,Akash Deshmukh,Male,58,Durgapur,West Bengal,East
C0546,Isha Patil,Male,39,Bengaluru,Karnataka,South
C0547,Sneha Chavan,Male,59,Kolkata,West Bengal,East
C0548,Isha Chavan,Female,38,Jodhpur,Rajasthan,North
C0549,Divya Singh,Male,56,Coimbatore,Tamil Nadu,South
C0550,Aarav Kulkarni,Male,64,Mangaluru,Karnataka,South
C0551,Deepak Joshi,Male,34,Cuttack,Odisha,East
C0552,Suresh Naik,Female,39,Hyderabad,Telangana,South
C0553,Sakshi Chavan,Male,56,Hyderabad,Telangana,South
C0554,Anjali Deshmukh,Male,54,Bengaluru,Karnataka,South
C0555,Pooja Patil,Male,62,Durgapur,West Bengal,East
C0556,Divya Verma,Male,45,Madurai,Tamil Nadu,South
C0557,Neha Gore,Male,63,Patna,Bihar,East
C0558,Divya Pawar,Male,36,Warangal,Telangana,South
C0559,Meera Singh,Female,49,Coimbatore,Tamil Nadu,South
C0560,Rohit Joshi,Female,28,Warangal,Telangana,South
C0561,Vikas Nair,Male,28,Jaipur,Rajasthan,North
C0562,Pooja Naik,Male,31,Kolkata,West Bengal,East
C0563,Nikhil Chavan,Male,64,Udaipur,Rajasthan,North
C0564,Anil Khan,Male,26,Warangal,Telangana,South
C0565,Neha Reddy,Male,50,Bhubaneswar,Odisha,East
C0566,Ananya Kulkarni,Male,22,Rourkela,Odisha,East
C0567,Kavya Mehta,Male,48,Jaipur,Rajasthan,North
C0568,Meera Naik,Female,39,Rourkela,Odisha,East
C0569,Riya Verma,Male,27,Hyderabad,Telangana,South
C0570,Vikas Iyer,Female,19,Mysuru,Karnataka,South
C0571,Sakshi Kulkarni,Female,47,Jaipur,Rajasthan,North
C0572,Vikas Nair,Male,36,Patna,Bihar,East
C0573,Anjali Reddy,Female,24,Gaya,Bihar,East
C0574,Anil Kulkarni,Male,53,Surat,Gujarat,West
C0575,Amit Sharma,Male,54,Kolkata,West Bengal,East
C0576,Anjali More,Male,26,Bhubaneswar,Odisha,East
C0577,Aarav Joshi,Male,19,Rourkela,Odisha,East
C0578,Aditi Mehta,Female,21,Mumbai,Maharashtra,West
C0579,Ananya Verma,Male,25,Delhi,Delhi,North
C0580,Karan Khan,Male,49,Udaipur,Rajasthan,North
C0581,Isha Chavan,Male,55,Amritsar,Punjab,North
C0582,Anjali Reddy,Male,51,Cuttack,Odisha,East
C0583,Suresh Iyer,Female,19,Durgapur,West Bengal,East
C0584,Shreya Khan,Female,64,Surat,Gujarat,West
C0585,Suresh Patil,Male,20,Patna,Bihar,East
C0586,Karan Jadhav,Male,56,Rourkela,Odisha,East
C0587,Neha Shinde,Female,30,Ahmedabad,Gujarat,West
C0588,Pooja Chavan,Male,42,Hyderabad,Telangana,South
C0589,Neha Gupta,Female,53,Warangal,Telangana,South
C0590,Riya Gore,Female,49,Delhi,Delhi,North
C0591,Karan Naik,Female,63,Mysuru,Karnataka,South
C0592,Sakshi Nair,Female,47,Ludhiana,Punjab,North
C0593,Isha More,Female,29,Nagpur,Maharashtra,West
C0594,Karan Patil,Female,51,New Delhi,Delhi,North
C0595,Deepak Shinde,Female,32,Madurai,Tamil Nadu,South
C0596,Neha Naik,Female,39,Mumbai,Maharashtra,West
C0597,Neha Naik,Female,58,Jodhpur,Rajasthan,North
C0598,Amit Singh,Male,46,Durgapur,West Bengal,East
C0599,Sanjay Sharma,Male,36,Madurai,Tamil Nadu,South
C0600,Sneha Patil,Female,21,Chennai,Tamil Nadu,South
C0601,Nikhil Nair,Male,30,Delhi,Delhi,North
C0602,Neha Pawar,Female,29,Mangaluru,Karnataka,South
C0603,Amit Reddy,Female,40,New Delhi,Delhi,North
C0604,Tanvi Sharma,Female,44,Jodhpur,Rajasthan,North
C0605,Sakshi Gupta,Male,40,Patna,Bihar,East
C0606,Rahul Verma,Male,54,Bhubaneswar,Odisha,East
C0607,Sakshi Singh,Male,34,Bhubaneswar,Odisha,East
C0608,Sanjay Shinde,Male,37,Mangaluru,Karnataka,South
C0609,Pooja Singh,Male,59,Udaipur,Rajasthan,North
C0610,Amit Iyer,Male,45,Bengaluru,Karnataka,South
C0611,Arjun Kulkarni,Male,35,Rajkot,Gujarat,West
C0612,Aditya Singh,Male,24,Cuttack,Odisha,East
C0613,Isha Naik,Male,30,Chennai,Tamil Nadu,South
C0614,Aditi Iyer,Male,26,Patiala,Punjab,North
C0615,Deepak Sharma,Female,62,Durgapur,West Bengal,East
C0616,Isha Khan,Female,26,Udaipur,Rajasthan,North
C0617,Nikhil Kulkarni,Female,23,Nagpur,Maharashtra,West
C0618,Suresh More,Female,18,Bengaluru,Karnataka,South
C0619,Suresh Verma,Male,30,Kolkata,West Bengal,East
C0620,Neha Gupta,Male,61,Mumbai,Maharashtra,West
C0621,Rahul Gupta,Female,30,Siliguri,West Bengal,East
C0622,Ananya Patil,Female,34,Ludhiana,Punjab,North
C0623,Karan Gupta,Male,42,Nagpur,Maharashtra,West
C0624,Kavya Pawar,Male,29,New Delhi,Delhi,North
C0625,Priya Verma,Male,53,Warangal,Telangana,South
C0626,Suresh Pawar,Male,37,Delhi,Delhi,North
C0627,Suresh Iyer,Male,34,Rourkela,Odisha,East
C0628,Suresh Singh,Male,59,Warangal,Telangana,South
C0629,Kavya Shinde,Female,54,New Delhi,Delhi,North
C0630,Anil Sharma,Male,24,Warangal,Telangana,South
C0631,Sanjay Singh,Female,33,Gaya,Bihar,East
C0632,Rahul Joshi,Male,24,Hyderabad,Telangana,South
C0633,Pooja Shinde,Female,28,Madurai,Tamil Nadu,South
C0634,Rohit More,Male,39,Bengaluru,Karnataka,South
C0635,Akash More,Male,46,Mangaluru,Karnataka,South
C0636,Tanvi Patil,Female,45,Chennai,Tamil Nadu,South
C0637,Kavya Singh,Female,21,Kolkata,West Bengal,East
C0638,Anjali Shinde,Male,22,Surat,Gujarat,West
C0639,Deepak Nair,Female,45,Durgapur,West Bengal,East
C0640,Neha Singh,Male,59,Mumbai,Maharashtra,West
C0641,Shreya Gupta,Male,62,Mumbai,Maharashtra,West
C0642,Deepak Khan,Male,25,Hyderabad,Telangana,South
C0643,Akash Nair,Male,45,Delhi,Delhi,North
C0644,Deepak Sharma,Male,64,New Delhi,Delhi,North
C0645,Sakshi Nair,Male,58,Mysuru,Karnataka,South
C0646,Nikhil Reddy,Female,22,Jodhpur,Rajasthan,North
C0647,Deepak Sharma,Female,55,Kolkata,West Bengal,East
C0648,Aditi Nair,Female,38,Patna,Bihar,East
C0649,Amit Pawar,Female,39,Cuttack,Odisha,East
C0650,Nikhil Mehta,Female,63,Amritsar,Punjab,North
C0651,Vikas Kulkarni,Female,23,New Delhi,Delhi,North
C0652,Anjali Singh,Male,60,Ludhiana,Punjab,North
C0653,Aarav Reddy,Female,28,Warangal,Telangana,South
C0654,Nikhil Verma,Male,45,Ludhiana,Punjab,North
C0655,Arjun Iyer,Female,52,Cuttack,Odisha,East
C0656,Shreya Singh,Male,54,Madurai,Tamil Nadu,South
C0657,Nikhil Chavan,Male,55,Bhubaneswar,Odisha,East
C0658,Nikhil Pawar,Female,61,Amritsar,Punjab,North
C0659,Tanvi Patil,Male,60,Rourkela,Odisha,East
C0660,Rahul Iyer,Female,51,Vadodara,Gujarat,West
C0661,Anjali Khan,Female,25,Hyderabad,Telangana,South
C0662,Akash Nair,Female,18,Durgapur,West Bengal,East
C0663,Anil Reddy,Male,37,Madurai,Tamil Nadu,South
C0664,Nikhil Singh,Male,54,Gaya,Bihar,East
C0665,Akash Deshmukh,Female,45,Delhi,Delhi,North
C0666,Deepak Gupta,Female,57,Pune,Maharashtra,West
C0667,Rohit More,Female,44,Durgapur,West Bengal,East
C0668,Sneha Kulkarni,Female,30,Thane,Maharashtra,West
C0669,Aryan Joshi,Male,44,Hyderabad,Telangana,South
C0670,Pooja Sharma,Female,42,Coimbatore,Tamil Nadu,South
C0671,Anil Reddy,Male,37,Bengaluru,Karnataka,South
C0672,Rahul Kulkarni,Male,56,Delhi,Delhi,North
C0673,Shreya Mehta,Male,35,Vadodara,Gujarat,West
C0674,Priya Gore,Male,44,Bengaluru,Karnataka,South
C0675,Akash Sharma,Female,18,Warangal,Telangana,South
C0676,Shreya Khan,Female,40,Durgapur,West Bengal,East
C0677,Sneha Verma,Male,58,Surat,Gujarat,West
C0678,Shreya Sharma,Male,39,Bhubaneswar,Odisha,East
C0679,Sakshi Khan,Male,46,Amritsar,Punjab,North
C0680,Amit Verma,Female,38,Rajkot,Gujarat,West
C0681,Divya Chavan,Male,62,Patna,Bihar,East
C0682,Anil Nair,Male,24,Warangal,Telangana,South
C0683,Anjali Deshmukh,Male,31,Jodhpur,Rajasthan,North
C0684,Aryan Gore,Male,62,Patiala,Punjab,North
C0685,Anjali Shinde,Female,36,Thane,Maharashtra,West
C0686,Anil Mehta,Female,63,Delhi,Delhi,North
C0687,Sneha Joshi,Female,32,Mumbai,Maharashtra,West
C0688,Amit Sharma,Male,64,Vadodara,Gujarat,West
C0689,Anjali Joshi,Female,46,Nashik,Maharashtra,West
C0690,Sakshi Gupta,Female,20,Gaya,Bihar,East
C0691,Sanjay Reddy,Male,40,Warangal,Telangana,South
C0692,Amit Shinde,Male,23,Bhubaneswar,Odisha,East
C0693,Sanjay Gupta,Female,24,Kolkata,West Bengal,East
C0694,Ananya Gore,Male,39,New Delhi,Delhi,North
C0695,Akash Singh,Female,53,Patna,Bihar,East
C0696,Arjun Deshmukh,Male,40,Patna,Bihar,East
C0697,Nikhil Deshmukh,Male,44,Pune,Maharashtra,West
C0698,Karan Iyer,Male,64,Nashik,Maharashtra,West
C0699,Akash Jadhav,Female,39,Surat,Gujarat,West
C0700,Riya More,Male,33,Kolkata,West Bengal,East
C0701,Rohit Gupta,Female,49,Mangaluru,Karnataka,South
C0702,Aditi Shinde,Male,28,Nashik,Maharashtra,West
C0703,Aryan Reddy,Female,64,Warangal,Telangana,South
C0704,Sneha Deshmukh,Female,18,Jaipur,Rajasthan,North
C0705,Sanjay Chavan,Female,34,New Delhi,Delhi,North
C0706,Sakshi Patil,Female,32,Mumbai,Maharashtra,West
C0707,Anil Pawar,Male,64,Warangal,Telangana,South
C0708,Shreya Jadhav,Male,34,Hyderabad,Telangana,South
C0709,Sneha Shinde,Male,26,Delhi,Delhi,North
C0710,Ananya Pawar,Female,20,Bengaluru,Karnataka,South
C0711,Neha Singh,Female,64,Hyderabad,Telangana,South
C0712,Rohit Sharma,Male,20,Jaipur,Rajasthan,North
C0713,Kavya Joshi,Female,49,Warangal,Telangana,South
C0714,Akash Naik,Male,36,Warangal,Telangana,South
C0715,Priya Kulkarni,Female,31,Hyderabad,Telangana,South
C0716,Aarav Mehta,Female,21,Cuttack,Odisha,East
C0717,Tanvi Chavan,Female,50,Rourkela,Odisha,East
C0718,Anjali Chavan,Male,18,Bengaluru,Karnataka,South
C0719,Sneha Iyer,Female,57,Thane,Maharashtra,West
C0720,Meera Kulkarni,Male,29,Hyderabad,Telangana,South
C0721,Deepak Gupta,Male,37,Siliguri,West Bengal,East
C0722,Divya Patil,Female,39,Nagpur,Maharashtra,West
C0723,Sanjay Deshmukh,Female,24,Mangaluru,Karnataka,South
C0724,Sakshi Kulkarni,Female,33,Coimbatore,Tamil Nadu,South
C0725,Pooja Naik,Female,33,Nashik,Maharashtra,West
C0726,Aarav Reddy,Female,28,Nagpur,Maharashtra,West
C0727,Sneha Singh,Male,23,Ludhiana,Punjab,North
C0728,Amit Mehta,Male,50,Ahmedabad,Gujarat,West
C0729,Nikhil Iyer,Male,36,Amritsar,Punjab,North
C0730,Amit Patil,Female,64,Jodhpur,Rajasthan,North
C0731,Akash Sharma,Male,37,Rourkela,Odisha,East
C0732,Anil Nair,Male,31,Cuttack,Odisha,East
C0733,Pooja Gore,Male,41,Vadodara,Gujarat,West
C0734,Aryan Shinde,Male,25,Delhi,Delhi,North
C0735,Vikas Gupta,Male,19,Delhi,Delhi,North
C0736,Shreya Deshmukh,Female,58,Mysuru,Karnataka,South
C0737,Nikhil Gore,Male,44,Patna,Bihar,East
C0738,Divya Jadhav,Male,20,Ahmedabad,Gujarat,West
C0739,Aditi Kulkarni,Female,19,Pune,Maharashtra,West
C0740,Sakshi Gupta,Female,39,Delhi,Delhi,North
C0741,Deepak Jadhav,Male,46,Warangal,Telangana,South
C0742,Ananya Gore,Male,58,Patna,Bihar,East
C0743,Priya Singh,Male,37,Durgapur,West Bengal,East
C0744,Kavya Patil,Female,51,Nashik,Maharashtra,West
C0745,Aditya Pawar,Male,44,Jodhpur,Rajasthan,North
C0746,Arjun Sharma,Female,23,Warangal,Telangana,South
C0747,Sneha Joshi,Male,19,Hyderabad,Telangana,South
C0748,Akash Sharma,Male,43,Ahmedabad,Gujarat,West
C0749,Aryan Nair,Male,39,Patna,Bihar,East
C0750,Meera Joshi,Female,47,Mangaluru,Karnataka,South
C0751,Isha Sharma,Male,62,Jaipur,Rajasthan,North
C0752,Anil Reddy,Male,53,Delhi,Delhi,North
C0753,Aarav Gupta,Female,26,Vadodara,Gujarat,West
C0754,Karan Gupta,Female,49,New Delhi,Delhi,North
C0755,Meera Pawar,Male,27,Surat,Gujarat,West
C0756,Sneha Naik,Male,38,Surat,Gujarat,West
C0757,Sanjay Nair,Male,21,Vadodara,Gujarat,West
C0758,Sneha Shinde,Male,43,Patna,Bihar,East
C0759,Sakshi Reddy,Male,58,Mangaluru,Karnataka,South
C0760,Nikhil Gore,Male,57,Surat,Gujarat,West
C0761,Neha Nair,Female,64,Madurai,Tamil Nadu,South
C0762,Aarav Mehta,Male,60,Siliguri,West Bengal,East
C0763,Aditi More,Male,20,Delhi,Delhi,North
C0764,Aarav Verma,Female,35,Pune,Maharashtra,West
C0765,Meera Gupta,Female,55,Amritsar,Punjab,North
C0766,Pooja Joshi,Male,30,Udaipur,Rajasthan,North
C0767,Aditya Gupta,Female,18,Cuttack,Odisha,East
C0768,Sakshi Mehta,Female,63,Mangaluru,Karnataka,South
C0769,Neha Shinde,Male,23,Pune,Maharashtra,West
C0770,Sanjay Jadhav,Male,45,Hyderabad,Telangana,South
C0771,Riya Deshmukh,Male,35,Chennai,Tamil Nadu,South
C0772,Rahul Patil,Male,60,Rourkela,Odisha,East
C0773,Suresh Pawar,Female,57,Patiala,Punjab,North
C0774,Nikhil Verma,Male,32,Nagpur,Maharashtra,West
C0775,Aditi Verma,Female,30,Cuttack,Odisha,East
C0776,Riya Jadhav,Male,60,Nagpur,Maharashtra,West
C0777,Sakshi Joshi,Female,32,Coimbatore,Tamil Nadu,South
C0778,Rohit Kulkarni,Female,55,Ludhiana,Punjab,North
C0779,Sanjay Sharma,Female,55,Warangal,Telangana,South
C0780,Meera Deshmukh,Male,27,Ahmedabad,Gujarat,West
C0781,Rahul Naik,Male,20,Delhi,Delhi,North
C0782,Kavya Gore,Male,52,Hyderabad,Telangana,South
C0783,Amit Sharma,Female,29,Rajkot,Gujarat,West
C0784,Sneha Gupta,Male,42,Gaya,Bihar,East
C0785,Tanvi Gore,Female,42,Patna,Bihar,East
C0786,Rohit Mehta,Female,49,Patna,Bihar,East
C0787,Akash Mehta,Female,59,Bengaluru,Karnataka,South
C0788,Anil Iyer,Male,38,Durgapur,West Bengal,East
C0789,Arjun Pawar,Male,62,Jaipur,Rajasthan,North
C0790,Anil Shinde,Female,22,Udaipur,Rajasthan,North
C0791,Rohit Reddy,Female,40,Gaya,Bihar,East
C0792,Aditya Shinde,Male,64,Delhi,Delhi,North
C0793,Rohit Khan,Female,63,Ludhiana,Punjab,North
C0794,Meera Khan,Male,57,Madurai,Tamil Nadu,South
C0795,Aditi Deshmukh,Female,61,Ludhiana,Punjab,North
C0796,Vikas Sharma,Female,34,Coimbatore,Tamil Nadu,South
C0797,Deepak Gupta,Male,31,Amritsar,Punjab,North
C0798,Aryan Nair,Female,53,Durgapur,West Bengal,East
C0799,Arjun Gupta,Female,28,Mysuru,Karnataka,South
C0800,Anil Nair,Female,36,Mysuru,Karnataka,South
C0801,Kavya More,Male,26,Gaya,Bihar,East
C0802,Aarav Sharma,Male,20,Vadodara,Gujarat,West
C0803,Anjali Nair,Female,18,Cuttack,Odisha,East
C0804,Nikhil Patil,Male,30,Bengaluru,Karnataka,South
C0805,Aarav Patil,Male,64,Mysuru,Karnataka,South
C0806,Meera Reddy,Male,46,Hyderabad,Telangana,South
C0807,Sakshi Reddy,Male,30,Hyderabad,Telangana,South
C0808,Shreya Reddy,Male,24,Ahmedabad,Gujarat,West
C0809,Neha Jadhav,Male,18,Cuttack,Odisha,East
C0810,Vikas Reddy,Male,42,New Delhi,Delhi,North
C0811,Tanvi Kulkarni,Male,46,Hyderabad,Telangana,South
C0812,Deepak Iyer,Male,45,New Delhi,Delhi,North
C0813,Sakshi Sharma,Male,39,Mumbai,Maharashtra,West
C0814,Arjun Chavan,Female,58,Warangal,Telangana,South
C0815,Karan Chavan,Male,19,Siliguri,West Bengal,East
C0816,Isha Nair,Male,28,Bhubaneswar,Odisha,East
C0817,Karan More,Female,19,Ahmedabad,Gujarat,West
C0818,Kavya More,Female,32,Nagpur,Maharashtra,West
C0819,Neha Khan,Female,19,Bhubaneswar,Odisha,East
C0820,Isha Nair,Female,46,Patna,Bihar,East
C0821,Aryan Kulkarni,Male,20,Siliguri,West Bengal,East
C0822,Karan More,Male,21,Cuttack,Odisha,East
C0823,Suresh Gore,Male,48,Siliguri,West Bengal,East
C0824,Sneha Verma,Female,26,Siliguri,West Bengal,East
C0825,Suresh Patil,Male,32,Delhi,Delhi,North
C0826,Akash More,Male,54,Ludhiana,Punjab,North
C0827,Isha Jadhav,Female,34,Gaya,Bihar,East
C0828,Amit Chavan,Female,61,Nashik,Maharashtra,West
C0829,Sneha Jadhav,Female,26,Bhubaneswar,Odisha,East
C0830,Suresh Pawar,Male,34,Madurai,Tamil Nadu,South
C0831,Rahul Joshi,Female,54,Nashik,Maharashtra,West
C0832,Riya Gupta,Female,59,Ludhiana,Punjab,North
C0833,Isha Verma,Female,33,Thane,Maharashtra,West
C0834,Sanjay More,Male,19,Mangaluru,Karnataka,South
C0835,Vikas Singh,Female,61,Coimbatore,Tamil Nadu,South
C0836,Kavya Iyer,Male,43,Patiala,Punjab,North
C0837,Nikhil Singh,Male,43,Delhi,Delhi,North
C0838,Nikhil Reddy,Female,55,Rourkela,Odisha,East
C0839,Kavya Kulkarni,Female,20,Jaipur,Rajasthan,North
C0840,Tanvi Sharma,Female,62,Amritsar,Punjab,North
C0841,Suresh Mehta,Male,44,Rajkot,Gujarat,West
C0842,Riya Gupta,Male,32,Rourkela,Odisha,East
C0843,Akash Pawar,Female,37,Patna,Bihar,East
C0844,Amit Gore,Female,50,Amritsar,Punjab,North
C0845,Amit Pawar,Male,38,Bengaluru,Karnataka,South
C0846,Kavya Deshmukh,Female,63,Udaipur,Rajasthan,North
C0847,Meera Pawar,Male,63,Mysuru,Karnataka,South
C0848,Sakshi More,Male,46,Udaipur,Rajasthan,North
C0849,Anjali Khan,Female,35,Patna,Bihar,East
C0850,Anjali Verma,Male,55,Surat,Gujarat,West
C0851,Priya Singh,Male,48,Rourkela,Odisha,East
C0852,Tanvi Gupta,Male,62,New Delhi,Delhi,North
C0853,Aditya Nair,Female,30,Mangaluru,Karnataka,South
C0854,Aditya Gore,Male,38,Bengaluru,Karnataka,South
C0855,Riya Verma,Female,52,Siliguri,West Bengal,East
C0856,Ananya Mehta,Female,49,Jodhpur,Rajasthan,North
C0857,Rohit Nair,Female,60,Warangal,Telangana,South
C0858,Aditya Kulkarni,Female,22,Cuttack,Odisha,East
C0859,Tanvi Gupta,Male,42,Jaipur,Rajasthan,North
C0860,Tanvi Chavan,Male,19,Kolkata,West Bengal,East
C0861,Tanvi Verma,Male,37,Pune,Maharashtra,West
C0862,Rohit Verma,Female,51,Udaipur,Rajasthan,North
C0863,Suresh Deshmukh,Male,22,New Delhi,Delhi,North
C0864,Rahul Singh,Female,21,Rourkela,Odisha,East
C0865,Neha Gupta,Female,55,Durgapur,West Bengal,East
C0866,Karan Verma,Female,28,Mumbai,Maharashtra,West
C0867,Nikhil Naik,Female,40,Chennai,Tamil Nadu,South
C0868,Rahul Singh,Male,40,Siliguri,West Bengal,East
C0869,Sneha Shinde,Female,27,Chennai,Tamil Nadu,South
C0870,Pooja Sharma,Female,24,Cuttack,Odisha,East
C0871,Kavya More,Female,39,Bengaluru,Karnataka,South
C0872,Nikhil Nair,Male,46,Durgapur,West Bengal,East
C0873,Karan Naik,Female,50,Surat,Gujarat,West
C0874,Sneha Verma,Male,29,Madurai,Tamil Nadu,South
C0875,Riya Gore,Female,55,Delhi,Delhi,North
C0876,Suresh Khan,Male,19,Vadodara,Gujarat,West
C0877,Neha Pawar,Female,53,Ludhiana,Punjab,North
C0878,Shreya Verma,Female,61,Amritsar,Punjab,North
C0879,Riya Gore,Female,46,Nashik,Maharashtra,West
C0880,Vikas Reddy,Female,37,Mysuru,Karnataka,South
C0881,Meera Mehta,Female,60,Rourkela,Odisha,East
C0882,Meera Khan,Male,64,Siliguri,West Bengal,East
C0883,Meera Shinde,Male,37,Warangal,Telangana,South
C0884,Aryan Reddy,Male,48,New Delhi,Delhi,North
C0885,Sanjay More,Male,48,Madurai,Tamil Nadu,South
C0886,Vikas Mehta,Female,56,Bhubaneswar,Odisha,East
C0887,Rohit Singh,Male,34,Ahmedabad,Gujarat,West
C0888,Aryan Chavan,Female,28,Gaya,Bihar,East
C0889,Nikhil Jadhav,Female,51,Amritsar,Punjab,North
C0890,Priya Naik,Female,41,Patna,Bihar,East
C0891,Priya Nair,Male,37,Delhi,Delhi,North
C0892,Amit More,Female,57,Hyderabad,Telangana,South
C0893,Anjali Verma,Female,25,Siliguri,West Bengal,East
C0894,Vikas Gupta,Male,45,Thane,Maharashtra,West
C0895,Akash Khan,Female,53,Hyderabad,Telangana,South
C0896,Shreya Joshi,Male,35,New Delhi,Delhi,North
C0897,Ananya Patil,Male,28,Warangal,Telangana,South
C0898,Karan Deshmukh,Female,55,Delhi,Delhi,North
C0899,Anjali Mehta,Female,52,Delhi,Delhi,North
C0900,Rohit Reddy,Male,48,Jodhpur,Rajasthan,North
C0901,Aryan Gupta,Male,51,Madurai,Tamil Nadu,South
C0902,Riya Khan,Male,35,Patna,Bihar,East
C0903,Divya More,Male,32,Patiala,Punjab,North
C0904,Kavya Nair,Male,56,Jodhpur,Rajasthan,North
C0905,Neha Shinde,Female,37,Kolkata,West Bengal,East
C0906,Sneha Naik,Male,33,Jodhpur,Rajasthan,North
C0907,Divya Singh,Female,36,Bengaluru,Karnataka,South
C0908,Sanjay Kulkarni,Female,35,Mangaluru,Karnataka,South
C0909,Anil Joshi,Male,42,Patiala,Punjab,North
C0910,Vikas More,Male,62,Warangal,Telangana,South
C0911,Neha Deshmukh,Female,36,Chennai,Tamil Nadu,South
C0912,Sanjay Mehta,Male,21,Ludhiana,Punjab,North
C0913,Anil More,Male,30,Delhi,Delhi,North
C0914,Sneha Pawar,Male,55,Rajkot,Gujarat,West
C0915,Vikas Kulkarni,Female,20,Chennai,Tamil Nadu,South
C0916,Riya Patil,Female,39,Patna,Bihar,East
C0917,Ananya More,Male,25,Chennai,Tamil Nadu,South
C0918,Sanjay Pawar,Female,49,Delhi,Delhi,North
C0919,Aryan Kulkarni,Female,29,New Delhi,Delhi,North
C0920,Sneha Deshmukh,Female,42,Mumbai,Maharashtra,West
C0921,Arjun Gore,Male,39,Patiala,Punjab,North
C0922,Isha Khan,Male,59,Delhi,Delhi,North
C0923,Neha Gore,Female,30,Mysuru,Karnataka,South
C0924,Riya Joshi,Male,18,Kolkata,West Bengal,East
C0925,Isha Reddy,Female,25,Vadodara,Gujarat,West
C0926,Sneha Khan,Male,63,Gaya,Bihar,East
C0927,Shreya Nair,Male,30,Patiala,Punjab,North
C0928,Amit Reddy,Female,42,Rourkela,Odisha,East
C0929,Meera Patil,Female,35,Bengaluru,Karnataka,South
C0930,Neha Jadhav,Male,49,Hyderabad,Telangana,South
C0931,Tanvi Mehta,Female,35,Delhi,Delhi,North
C0932,Deepak Iyer,Male,34,Bhubaneswar,Odisha,East
C0933,Pooja Gore,Male,26,Delhi,Delhi,North
C0934,Divya Gore,Female,50,Coimbatore,Tamil Nadu,South
C0935,Priya Shinde,Female,64,Bengaluru,Karnataka,South
C0936,Divya Kulkarni,Male,51,Chennai,Tamil Nadu,South
C0937,Kavya Singh,Male,62,Mumbai,Maharashtra,West
C0938,Sanjay More,Female,44,Coimbatore,Tamil Nadu,South
C0939,Aarav Verma,Female,59,Nagpur,Maharashtra,West
C0940,Deepak Jadhav,Male,48,Nashik,Maharashtra,West
C0941,Aarav More,Male,23,Bhubaneswar,Odisha,East
C0942,Nikhil Pawar,Male,62,Delhi,Delhi,North
C0943,Pooja More,Male,52,Warangal,Telangana,South
C0944,Deepak Reddy,Male,19,Patna,Bihar,East
C0945,Anjali Chavan,Male,45,Madurai,Tamil Nadu,South
C0946,Neha Pawar,Male,55,Patna,Bihar,East
C0947,Ananya Deshmukh,Male,21,Mysuru,Karnataka,South
C0948,Neha Verma,Female,30,Pune,Maharashtra,West
C0949,Shreya Reddy,Male,53,Delhi,Delhi,North
C0950,Suresh Mehta,Male,52,Vadodara,Gujarat,West
C0951,Anjali Sharma,Female,35,Amritsar,Punjab,North
C0952,Divya More,Female,33,Bhubaneswar,Odisha,East
C0953,Akash Pawar,Female,44,Warangal,Telangana,South
C0954,Kavya Iyer,Female,29,Jaipur,Rajasthan,North
C0955,Sakshi Mehta,Male,42,Rourkela,Odisha,East
C0956,Aditi Kulkarni,Female,41,Vadodara,Gujarat,West
C0957,Riya Gupta,Male,43,Amritsar,Punjab,North
C0958,Anjali Gupta,Male,20,Rajkot,Gujarat,West
C0959,Aditya Iyer,Male,32,Chennai,Tamil Nadu,South
C0960,Divya Shinde,Male,61,Nashik,Maharashtra,West
C0961,Kavya Patil,Male,48,Warangal,Telangana,South
C0962,Priya Singh,Male,21,Durgapur,West Bengal,East
C0963,Riya Patil,Female,20,Mumbai,Maharashtra,West
C0964,Rahul Gore,Male,39,Durgapur,West Bengal,East
C0965,Vikas Sharma,Female,55,Patna,Bihar,East
C0966,Kavya Mehta,Female,32,Ludhiana,Punjab,North
C0967,Sanjay Deshmukh,Female,60,Delhi,Delhi,North
C0968,Rohit Joshi,Male,35,Udaipur,Rajasthan,North
C0969,Suresh Kulkarni,Female,57,Bengaluru,Karnataka,South
C0970,Anjali Naik,Female,42,Nashik,Maharashtra,West
C0971,Neha More,Male,28,Warangal,Telangana,South
C0972,Amit Khan,Male,54,Ahmedabad,Gujarat,West
C0973,Sneha Khan,Female,46,Warangal,Telangana,South
C0974,Arjun Iyer,Female,18,Ludhiana,Punjab,North
C0975,Suresh Chavan,Female,28,Gaya,Bihar,East
C0976,Shreya Khan,Male,25,Siliguri,West Bengal,East
C0977,Tanvi Shinde,Male,48,Vadodara,Gujarat,West
C0978,Rahul Nair,Female,48,Mysuru,Karnataka,South
C0979,Divya Sharma,Male,39,Bengaluru,Karnataka,South
C0980,Kavya Sharma,Male,59,Thane,Maharashtra,West
C0981,Aryan Nair,Male,39,Amritsar,Punjab,North
C0982,Aditya Khan,Female,25,Delhi,Delhi,North
C0983,Kavya Reddy,Male,43,Amritsar,Punjab,North
C0984,Neha Pawar,Male,31,Patna,Bihar,East
C0985,Ananya Kulkarni,Female,31,Kolkata,West Bengal,East
C0986,Anjali Nair,Female,44,Hyderabad,Telangana,South
C0987,Neha Kulkarni,Female,23,Bengaluru,Karnataka,South
C0988,Riya Reddy,Male,42,Hyderabad,Telangana,South
C0989,Shreya Nair,Male,43,Warangal,Telangana,South
C0990,Ananya Pawar,Male,35,Warangal,Telangana,South
C0991,Sanjay Mehta,Female,30,Bengaluru,Karnataka,South
C0992,Divya Nair,Male,60,Patna,Bihar,East
C0993,Divya Kulkarni,Male,52,Rourkela,Odisha,East
C0994,Priya Joshi,Male,49,Madurai,Tamil Nadu,South
C0995,Meera Singh,Female,41,Durgapur,West Bengal,East
C0996,Tanvi Reddy,Male,60,Bhubaneswar,Odisha,East
C0997,Aarav Kulkarni,Female,53,Durgapur,West Bengal,East
C0998,Ananya Mehta,Male,32,Ahmedabad,Gujarat,West
C0999,Vikas Joshi,Female,33,Patiala,Punjab,North
C1000,Akash Khan,Female,45,Amritsar,Punjab,North
